Pname,PDOB,Phone,Dname,Speciality,Dphone,Test type,Test category
Elun G,2001,700000001,Dr Wires,Surgeon,754844607,Blood,Malaria
Adeblock Nuts Mt,2000,700000002,Dr Nuts,Gyno,754844632,Urine,UTI
Innit Joash,2002,700000003,Dr Tutorial,Dentist,754877501,Saliva,HIV/AIDS
Peter K,2001,700000004,Dr Smith,Surgeon,758458120,Stool,Diabettes
Nuts Wires,2000,700000005,Dr Switch,Pediatrics,745822145,Stool,Diabettes
Cooper Bad,2004,700000006,Dr Abby,Orthopedics,785469875,Saliva,HIV/AIDS
Gensiii,2003,700000007,Dr Ham,Cardiovascular,785415789,Blood,Malaria
Musa Musa,2004,700000008,Dr Bunda,Dentist,784568425,Urine,UTI
Wiseman,2001,700000009,Dr Bandali,Gyno,765954215,Blood,Malaria
